<?xml version="1.0" encoding="UTF-8"?>
<GenRun Id="sqrt_synth_1" LaunchPart="xc7a35tcpg236-1" LaunchTime="1478952576">
  <File Type="RDS-DCP" Name="sqrt.dcp"/>
  <File Type="RUN-CONSTRS" Name="$PDATADIR/runs/sqrt_synth_1/constrs_in.xml"/>
  <File Type="RDS-UTIL-PB" Name="sqrt_utilization_synth.pb"/>
  <File Type="RUN-SRCS" Name="$PDATADIR/runs/sqrt_synth_1/sources.xml"/>
  <File Type="RDS-PROPCONSTRS" Name="sqrt_drc_synth.rpt"/>
  <File Type="PA-TCL" Name="sqrt.tcl"/>
  <File Type="RUN-STRAT" Name="$PDATADIR/runs/sqrt_synth_1/sqrt_synth_1.psg"/>
  <File Type="RDS-RDS" Name="sqrt.vds"/>
  <File Type="RDS-UTIL" Name="sqrt_utilization_synth.rpt"/>
  <File Type="VDS-TIMINGSUMMARY" Name="sqrt_timing_summary_synth.rpt"/>
  <File Type="VDS-TIMING-PB" Name="sqrt_timing_summary_synth.pb"/>
  <FileSet Name="sources" Type="BlockSrcs" RelSrcDir="$PSRCDIR/sqrt">
    <File Path="$PSRCDIR/sources_1/ip/sqrt/sqrt.xci">
      <FileInfo>
        <Attr Name="UsedIn" Val="synthesis"/>
        <Attr Name="UsedIn" Val="implementation"/>
        <Attr Name="UsedIn" Val="simulation"/>
      </FileInfo>
    </File>
    <Config>
      <Option Name="TopModule" Val="sqrt"/>
      <Option Name="UseBlackboxStub" Val="1"/>
    </Config>
  </FileSet>
  <FileSet Name="constrs_in" Type="BlockSrcs" RelSrcDir="$PSRCDIR/sqrt">
    <File Path="$PSRCDIR/sources_1/ip/sqrt/sqrt.xci">
      <FileInfo>
        <Attr Name="UsedIn" Val="synthesis"/>
        <Attr Name="UsedIn" Val="implementation"/>
        <Attr Name="UsedIn" Val="simulation"/>
      </FileInfo>
    </File>
    <Config>
      <Option Name="TopModule" Val="sqrt"/>
      <Option Name="UseBlackboxStub" Val="1"/>
    </Config>
  </FileSet>
  <Strategy Version="1" Minor="2">
    <StratHandle Name="Vivado Synthesis Defaults" Flow="Vivado Synthesis 2015"/>
    <Step Id="synth_design"/>
  </Strategy>
</GenRun>
