<?xml version="1.0" encoding="UTF-8"?>
<GenRun Id="ov7725_regData_0_synth_1" LaunchPart="xc7a35tcpg236-1" LaunchTime="1480575332">
  <File Type="RDS-PROPCONSTRS" Name="ov7725_regData_0_drc_synth.rpt"/>
  <File Type="PA-TCL" Name="ov7725_regData_0.tcl"/>
  <File Type="RDS-RDS" Name="ov7725_regData_0.vds"/>
  <File Type="RDS-UTIL" Name="ov7725_regData_0_utilization_synth.rpt"/>
  <File Type="RDS-UTIL-PB" Name="ov7725_regData_0_utilization_synth.pb"/>
  <File Type="RDS-DCP" Name="ov7725_regData_0.dcp"/>
  <File Type="VDS-TIMINGSUMMARY" Name="ov7725_regData_0_timing_summary_synth.rpt"/>
  <File Type="VDS-TIMING-PB" Name="ov7725_regData_0_timing_summary_synth.pb"/>
  <FileSet Name="sources" Type="BlockSrcs" RelSrcDir="$PSRCDIR/ov7725_regData_0">
    <File Path="$PSRCDIR/sources_1/ip/ov7725_regData_0/ov7725_regData_0.xci">
      <FileInfo>
        <Attr Name="UsedIn" Val="synthesis"/>
        <Attr Name="UsedIn" Val="implementation"/>
        <Attr Name="UsedIn" Val="simulation"/>
      </FileInfo>
    </File>
    <Config>
      <Option Name="TopModule" Val="ov7725_regData_0"/>
      <Option Name="UseBlackboxStub" Val="1"/>
    </Config>
  </FileSet>
  <FileSet Name="constrs_in" Type="BlockSrcs" RelSrcDir="$PSRCDIR/ov7725_regData_0">
    <File Path="$PSRCDIR/sources_1/ip/ov7725_regData_0/ov7725_regData_0.xci">
      <FileInfo>
        <Attr Name="UsedIn" Val="synthesis"/>
        <Attr Name="UsedIn" Val="implementation"/>
        <Attr Name="UsedIn" Val="simulation"/>
      </FileInfo>
    </File>
    <Config>
      <Option Name="TopModule" Val="ov7725_regData_0"/>
      <Option Name="UseBlackboxStub" Val="1"/>
    </Config>
  </FileSet>
  <Strategy Version="1" Minor="2">
    <StratHandle Name="Vivado Synthesis Defaults" Flow="Vivado Synthesis 2015"/>
    <Step Id="synth_design"/>
  </Strategy>
</GenRun>
